<?xml version="1.0" encoding="UTF-8"?><rss version="2.0"
	xmlns:content="http://purl.org/rss/1.0/modules/content/"
	xmlns:dc="http://purl.org/dc/elements/1.1/"
	xmlns:atom="http://www.w3.org/2005/Atom"
	xmlns:sy="http://purl.org/rss/1.0/modules/syndication/"
	
	>
<channel>
	<title>
	Các phản hồi luận về: ipad-pro-m2-11-wifi-xam-thumb	</title>
	<atom:link href="https://https://github.com/AURORAz2k/Aurora.github.io.git/product/ipad-pro-m2-11-wifi-xam-thumb/feed/" rel="self" type="application/rss+xml" />
	<link>https://https://github.com/AURORAz2k/Aurora.github.io.git/product/ipad-pro-m2-11-wifi-xam-thumb/</link>
	<description></description>
	<lastBuildDate>Fri, 08 Sep 2023 16:01:23 +0000</lastBuildDate>
	<sy:updatePeriod>
	hourly	</sy:updatePeriod>
	<sy:updateFrequency>
	1	</sy:updateFrequency>
	<generator>https://wordpress.org/?v=6.3.1</generator>
</channel>
</rss>
