<?xml version="1.0" encoding="UTF-8"?><rss version="2.0"
	xmlns:content="http://purl.org/rss/1.0/modules/content/"
	xmlns:wfw="http://wellformedweb.org/CommentAPI/"
	xmlns:dc="http://purl.org/dc/elements/1.1/"
	xmlns:atom="http://www.w3.org/2005/Atom"
	xmlns:sy="http://purl.org/rss/1.0/modules/syndication/"
	xmlns:slash="http://purl.org/rss/1.0/modules/slash/"
	>

<channel>
	<title>Laptop &#8211; aurorashop</title>
	<atom:link href="https://https://github.com/AURORAz2k/Aurora.github.io.git/product-category/laptop/feed/" rel="self" type="application/rss+xml" />
	<link>https://https://github.com/AURORAz2k/Aurora.github.io.git</link>
	<description></description>
	<lastBuildDate>Sat, 09 Sep 2023 01:44:35 +0000</lastBuildDate>
	<language>vi</language>
	<sy:updatePeriod>
	hourly	</sy:updatePeriod>
	<sy:updateFrequency>
	1	</sy:updateFrequency>
	<generator>https://wordpress.org/?v=6.3.1</generator>
	<item>
		<title>lenovo-ideapad-3-15itl6-i5</title>
		<link>https://https://github.com/AURORAz2k/Aurora.github.io.git/product/lenovo-ideapad-3-15itl6-i5/</link>
					<comments>https://https://github.com/AURORAz2k/Aurora.github.io.git/product/lenovo-ideapad-3-15itl6-i5/#respond</comments>
		
		<dc:creator><![CDATA[hung1]]></dc:creator>
		<pubDate>Sat, 09 Sep 2023 01:44:34 +0000</pubDate>
				<guid isPermaLink="false">https://https://github.com/AURORAz2k/Aurora.github.io.git/?post_type=product#038;p=158</guid>

					<description><![CDATA[]]></description>
										<content:encoded><![CDATA[]]></content:encoded>
					
					<wfw:commentRss>https://https://github.com/AURORAz2k/Aurora.github.io.git/product/lenovo-ideapad-3-15itl6-i5/feed/</wfw:commentRss>
			<slash:comments>0</slash:comments>
		
		
			</item>
		<item>
		<title>asus-vivobook-x515ea-i3</title>
		<link>https://https://github.com/AURORAz2k/Aurora.github.io.git/product/asus-vivobook-x515ea-i3/</link>
					<comments>https://https://github.com/AURORAz2k/Aurora.github.io.git/product/asus-vivobook-x515ea-i3/#respond</comments>
		
		<dc:creator><![CDATA[hung1]]></dc:creator>
		<pubDate>Sat, 09 Sep 2023 01:42:11 +0000</pubDate>
				<guid isPermaLink="false">https://https://github.com/AURORAz2k/Aurora.github.io.git/?post_type=product#038;p=157</guid>

					<description><![CDATA[a sus]]></description>
										<content:encoded><![CDATA[<p>a sus</p>
]]></content:encoded>
					
					<wfw:commentRss>https://https://github.com/AURORAz2k/Aurora.github.io.git/product/asus-vivobook-x515ea-i3/feed/</wfw:commentRss>
			<slash:comments>0</slash:comments>
		
		
			</item>
		<item>
		<title>acer-aspire-3-a315-510p</title>
		<link>https://https://github.com/AURORAz2k/Aurora.github.io.git/product/acer-aspire-3-a315-510p/</link>
					<comments>https://https://github.com/AURORAz2k/Aurora.github.io.git/product/acer-aspire-3-a315-510p/#respond</comments>
		
		<dc:creator><![CDATA[hung1]]></dc:creator>
		<pubDate>Sat, 09 Sep 2023 01:41:10 +0000</pubDate>
				<guid isPermaLink="false">https://https://github.com/AURORAz2k/Aurora.github.io.git/?post_type=product#038;p=156</guid>

					<description><![CDATA[acer ok]]></description>
										<content:encoded><![CDATA[<p>acer ok</p>
]]></content:encoded>
					
					<wfw:commentRss>https://https://github.com/AURORAz2k/Aurora.github.io.git/product/acer-aspire-3-a315-510p/feed/</wfw:commentRss>
			<slash:comments>0</slash:comments>
		
		
			</item>
		<item>
		<title>dell-inspiron-3520-i</title>
		<link>https://https://github.com/AURORAz2k/Aurora.github.io.git/product/dell-inspiron-3520-i/</link>
					<comments>https://https://github.com/AURORAz2k/Aurora.github.io.git/product/dell-inspiron-3520-i/#respond</comments>
		
		<dc:creator><![CDATA[hung1]]></dc:creator>
		<pubDate>Sat, 09 Sep 2023 01:39:12 +0000</pubDate>
				<guid isPermaLink="false">https://https://github.com/AURORAz2k/Aurora.github.io.git/?post_type=product#038;p=155</guid>

					<description><![CDATA[mot chiec may tinh ok]]></description>
										<content:encoded><![CDATA[<p>mot chiec may tinh ok</p>
]]></content:encoded>
					
					<wfw:commentRss>https://https://github.com/AURORAz2k/Aurora.github.io.git/product/dell-inspiron-3520-i/feed/</wfw:commentRss>
			<slash:comments>0</slash:comments>
		
		
			</item>
		<item>
		<title>msi-modern-14-c11m</title>
		<link>https://https://github.com/AURORAz2k/Aurora.github.io.git/product/msi-modern-14-c11m/</link>
					<comments>https://https://github.com/AURORAz2k/Aurora.github.io.git/product/msi-modern-14-c11m/#respond</comments>
		
		<dc:creator><![CDATA[hung1]]></dc:creator>
		<pubDate>Sat, 09 Sep 2023 01:36:07 +0000</pubDate>
				<guid isPermaLink="false">https://https://github.com/AURORAz2k/Aurora.github.io.git/?post_type=product#038;p=154</guid>

					<description><![CDATA[cungx ok]]></description>
										<content:encoded><![CDATA[<p>cungx ok</p>
]]></content:encoded>
					
					<wfw:commentRss>https://https://github.com/AURORAz2k/Aurora.github.io.git/product/msi-modern-14-c11m/feed/</wfw:commentRss>
			<slash:comments>0</slash:comments>
		
		
			</item>
		<item>
		<title>msi-gaming</title>
		<link>https://https://github.com/AURORAz2k/Aurora.github.io.git/product/msi-gaming/</link>
					<comments>https://https://github.com/AURORAz2k/Aurora.github.io.git/product/msi-gaming/#respond</comments>
		
		<dc:creator><![CDATA[hung1]]></dc:creator>
		<pubDate>Sat, 09 Sep 2023 01:34:33 +0000</pubDate>
				<guid isPermaLink="false">https://https://github.com/AURORAz2k/Aurora.github.io.git/?post_type=product#038;p=153</guid>

					<description><![CDATA[laptop xin]]></description>
										<content:encoded><![CDATA[<p>laptop xin</p>
]]></content:encoded>
					
					<wfw:commentRss>https://https://github.com/AURORAz2k/Aurora.github.io.git/product/msi-gaming/feed/</wfw:commentRss>
			<slash:comments>0</slash:comments>
		
		
			</item>
		<item>
		<title>lenovo-ideapad-3-15itl6-i5-82h803rrvn</title>
		<link>https://https://github.com/AURORAz2k/Aurora.github.io.git/product/lenovo-ideapad-3-15itl6-i5-82h803rrvn/</link>
					<comments>https://https://github.com/AURORAz2k/Aurora.github.io.git/product/lenovo-ideapad-3-15itl6-i5-82h803rrvn/#respond</comments>
		
		<dc:creator><![CDATA[hung1]]></dc:creator>
		<pubDate>Fri, 08 Sep 2023 16:03:24 +0000</pubDate>
				<guid isPermaLink="false">https://https://github.com/AURORAz2k/Aurora.github.io.git/?post_type=product#038;p=149</guid>

					<description><![CDATA[ipad]]></description>
										<content:encoded><![CDATA[<p>ipad</p>
]]></content:encoded>
					
					<wfw:commentRss>https://https://github.com/AURORAz2k/Aurora.github.io.git/product/lenovo-ideapad-3-15itl6-i5-82h803rrvn/feed/</wfw:commentRss>
			<slash:comments>0</slash:comments>
		
		
			</item>
		<item>
		<title>msi-gaming-gf63-thin-11uc-i7-1228vn</title>
		<link>https://https://github.com/AURORAz2k/Aurora.github.io.git/product/msi-gaming-gf63-thin-11uc-i7-1228vn/</link>
					<comments>https://https://github.com/AURORAz2k/Aurora.github.io.git/product/msi-gaming-gf63-thin-11uc-i7-1228vn/#respond</comments>
		
		<dc:creator><![CDATA[hung1]]></dc:creator>
		<pubDate>Fri, 08 Sep 2023 16:02:34 +0000</pubDate>
				<guid isPermaLink="false">https://https://github.com/AURORAz2k/Aurora.github.io.git/?post_type=product#038;p=147</guid>

					<description><![CDATA[laptop gaming]]></description>
										<content:encoded><![CDATA[<p>laptop gaming</p>
]]></content:encoded>
					
					<wfw:commentRss>https://https://github.com/AURORAz2k/Aurora.github.io.git/product/msi-gaming-gf63-thin-11uc-i7-1228vn/feed/</wfw:commentRss>
			<slash:comments>0</slash:comments>
		
		
			</item>
		<item>
		<title>msi-modern-14-c11m-i3-011vn</title>
		<link>https://https://github.com/AURORAz2k/Aurora.github.io.git/product/msi-modern-14-c11m-i3-011vn/</link>
					<comments>https://https://github.com/AURORAz2k/Aurora.github.io.git/product/msi-modern-14-c11m-i3-011vn/#respond</comments>
		
		<dc:creator><![CDATA[hung1]]></dc:creator>
		<pubDate>Fri, 08 Sep 2023 16:01:58 +0000</pubDate>
				<guid isPermaLink="false">https://https://github.com/AURORAz2k/Aurora.github.io.git/?post_type=product#038;p=145</guid>

					<description><![CDATA[laptop]]></description>
										<content:encoded><![CDATA[<p>laptop</p>
]]></content:encoded>
					
					<wfw:commentRss>https://https://github.com/AURORAz2k/Aurora.github.io.git/product/msi-modern-14-c11m-i3-011vn/feed/</wfw:commentRss>
			<slash:comments>0</slash:comments>
		
		
			</item>
		<item>
		<title>msi-modern-14</title>
		<link>https://https://github.com/AURORAz2k/Aurora.github.io.git/product/msi-modern-14/</link>
					<comments>https://https://github.com/AURORAz2k/Aurora.github.io.git/product/msi-modern-14/#respond</comments>
		
		<dc:creator><![CDATA[hung1]]></dc:creator>
		<pubDate>Fri, 08 Sep 2023 15:32:10 +0000</pubDate>
				<guid isPermaLink="false">https://https://github.com/AURORAz2k/Aurora.github.io.git/?post_type=product#038;p=88</guid>

					<description><![CDATA[msi]]></description>
										<content:encoded><![CDATA[<p>msi</p>
]]></content:encoded>
					
					<wfw:commentRss>https://https://github.com/AURORAz2k/Aurora.github.io.git/product/msi-modern-14/feed/</wfw:commentRss>
			<slash:comments>0</slash:comments>
		
		
			</item>
	</channel>
</rss>
