<?xml version="1.0" encoding="UTF-8"?><rss version="2.0"
	xmlns:content="http://purl.org/rss/1.0/modules/content/"
	xmlns:wfw="http://wellformedweb.org/CommentAPI/"
	xmlns:dc="http://purl.org/dc/elements/1.1/"
	xmlns:atom="http://www.w3.org/2005/Atom"
	xmlns:sy="http://purl.org/rss/1.0/modules/syndication/"
	xmlns:slash="http://purl.org/rss/1.0/modules/slash/"
	>

<channel>
	<title>Đồng hồ &#8211; aurorashop</title>
	<atom:link href="https://https://github.com/AURORAz2k/Aurora.github.io.git/product-category/dong-ho/feed/" rel="self" type="application/rss+xml" />
	<link>https://https://github.com/AURORAz2k/Aurora.github.io.git</link>
	<description></description>
	<lastBuildDate>Sat, 09 Sep 2023 01:54:01 +0000</lastBuildDate>
	<language>vi</language>
	<sy:updatePeriod>
	hourly	</sy:updatePeriod>
	<sy:updateFrequency>
	1	</sy:updateFrequency>
	<generator>https://wordpress.org/?v=6.3.1</generator>
	<item>
		<title>dong-ho-nam-citizen-bh3002</title>
		<link>https://https://github.com/AURORAz2k/Aurora.github.io.git/product/dong-ho-nam-citizen-bh3002/</link>
					<comments>https://https://github.com/AURORAz2k/Aurora.github.io.git/product/dong-ho-nam-citizen-bh3002/#respond</comments>
		
		<dc:creator><![CDATA[hung1]]></dc:creator>
		<pubDate>Sat, 09 Sep 2023 01:54:01 +0000</pubDate>
				<guid isPermaLink="false">https://https://github.com/AURORAz2k/Aurora.github.io.git/?post_type=product#038;p=165</guid>

					<description><![CDATA[wow]]></description>
										<content:encoded><![CDATA[<p>wow</p>
]]></content:encoded>
					
					<wfw:commentRss>https://https://github.com/AURORAz2k/Aurora.github.io.git/product/dong-ho-nam-citizen-bh3002/feed/</wfw:commentRss>
			<slash:comments>0</slash:comments>
		
		
			</item>
		<item>
		<title>dong-ho-nu-citizen</title>
		<link>https://https://github.com/AURORAz2k/Aurora.github.io.git/product/dong-ho-nu-citizen/</link>
					<comments>https://https://github.com/AURORAz2k/Aurora.github.io.git/product/dong-ho-nu-citizen/#respond</comments>
		
		<dc:creator><![CDATA[hung1]]></dc:creator>
		<pubDate>Sat, 09 Sep 2023 01:53:23 +0000</pubDate>
				<guid isPermaLink="false">https://https://github.com/AURORAz2k/Aurora.github.io.git/?post_type=product#038;p=164</guid>

					<description><![CDATA[wow]]></description>
										<content:encoded><![CDATA[<p>wow</p>
]]></content:encoded>
					
					<wfw:commentRss>https://https://github.com/AURORAz2k/Aurora.github.io.git/product/dong-ho-nu-citizen/feed/</wfw:commentRss>
			<slash:comments>0</slash:comments>
		
		
			</item>
		<item>
		<title>g-shock-ga-400gb-1a4dr-den</title>
		<link>https://https://github.com/AURORAz2k/Aurora.github.io.git/product/g-shock-ga-400gb-1a4dr-den/</link>
					<comments>https://https://github.com/AURORAz2k/Aurora.github.io.git/product/g-shock-ga-400gb-1a4dr-den/#respond</comments>
		
		<dc:creator><![CDATA[hung1]]></dc:creator>
		<pubDate>Sat, 09 Sep 2023 01:52:49 +0000</pubDate>
				<guid isPermaLink="false">https://https://github.com/AURORAz2k/Aurora.github.io.git/?post_type=product#038;p=163</guid>

					<description><![CDATA[wow]]></description>
										<content:encoded><![CDATA[<p>wow</p>
]]></content:encoded>
					
					<wfw:commentRss>https://https://github.com/AURORAz2k/Aurora.github.io.git/product/g-shock-ga-400gb-1a4dr-den/feed/</wfw:commentRss>
			<slash:comments>0</slash:comments>
		
		
			</item>
		<item>
		<title>g-shock-gd-120cm-5d</title>
		<link>https://https://github.com/AURORAz2k/Aurora.github.io.git/product/g-shock-gd-120cm-5d/</link>
					<comments>https://https://github.com/AURORAz2k/Aurora.github.io.git/product/g-shock-gd-120cm-5d/#respond</comments>
		
		<dc:creator><![CDATA[hung1]]></dc:creator>
		<pubDate>Sat, 09 Sep 2023 01:51:22 +0000</pubDate>
				<guid isPermaLink="false">https://https://github.com/AURORAz2k/Aurora.github.io.git/?post_type=product#038;p=162</guid>

					<description><![CDATA[wow]]></description>
										<content:encoded><![CDATA[<p>wow</p>
]]></content:encoded>
					
					<wfw:commentRss>https://https://github.com/AURORAz2k/Aurora.github.io.git/product/g-shock-gd-120cm-5d/feed/</wfw:commentRss>
			<slash:comments>0</slash:comments>
		
		
			</item>
		<item>
		<title>orient-rf-qd0011l10b</title>
		<link>https://https://github.com/AURORAz2k/Aurora.github.io.git/product/orient-rf-qd0011l10b/</link>
					<comments>https://https://github.com/AURORAz2k/Aurora.github.io.git/product/orient-rf-qd0011l10b/#respond</comments>
		
		<dc:creator><![CDATA[hung1]]></dc:creator>
		<pubDate>Sat, 09 Sep 2023 01:50:11 +0000</pubDate>
				<guid isPermaLink="false">https://https://github.com/AURORAz2k/Aurora.github.io.git/?post_type=product#038;p=161</guid>

					<description><![CDATA[wow]]></description>
										<content:encoded><![CDATA[<p>wow</p>
]]></content:encoded>
					
					<wfw:commentRss>https://https://github.com/AURORAz2k/Aurora.github.io.git/product/orient-rf-qd0011l10b/feed/</wfw:commentRss>
			<slash:comments>0</slash:comments>
		
		
			</item>
		<item>
		<title>orient-sund6002w0</title>
		<link>https://https://github.com/AURORAz2k/Aurora.github.io.git/product/orient-sund6002w0/</link>
					<comments>https://https://github.com/AURORAz2k/Aurora.github.io.git/product/orient-sund6002w0/#respond</comments>
		
		<dc:creator><![CDATA[hung1]]></dc:creator>
		<pubDate>Sat, 09 Sep 2023 01:49:28 +0000</pubDate>
				<guid isPermaLink="false">https://https://github.com/AURORAz2k/Aurora.github.io.git/?post_type=product#038;p=160</guid>

					<description><![CDATA[wow]]></description>
										<content:encoded><![CDATA[<p>wow</p>
]]></content:encoded>
					
					<wfw:commentRss>https://https://github.com/AURORAz2k/Aurora.github.io.git/product/orient-sund6002w0/feed/</wfw:commentRss>
			<slash:comments>0</slash:comments>
		
		
			</item>
		<item>
		<title>orient-sund6003w0-nam</title>
		<link>https://https://github.com/AURORAz2k/Aurora.github.io.git/product/orient-sund6003w0-nam-2/</link>
					<comments>https://https://github.com/AURORAz2k/Aurora.github.io.git/product/orient-sund6003w0-nam-2/#respond</comments>
		
		<dc:creator><![CDATA[hung1]]></dc:creator>
		<pubDate>Sat, 09 Sep 2023 01:48:12 +0000</pubDate>
				<guid isPermaLink="false">https://https://github.com/AURORAz2k/Aurora.github.io.git/?post_type=product#038;p=159</guid>

					<description><![CDATA[wow]]></description>
										<content:encoded><![CDATA[<p>wow</p>
]]></content:encoded>
					
					<wfw:commentRss>https://https://github.com/AURORAz2k/Aurora.github.io.git/product/orient-sund6003w0-nam-2/feed/</wfw:commentRss>
			<slash:comments>0</slash:comments>
		
		
			</item>
		<item>
		<title>orient-sund6003w0-nam</title>
		<link>https://https://github.com/AURORAz2k/Aurora.github.io.git/product/orient-sund6003w0-nam/</link>
					<comments>https://https://github.com/AURORAz2k/Aurora.github.io.git/product/orient-sund6003w0-nam/#respond</comments>
		
		<dc:creator><![CDATA[hung1]]></dc:creator>
		<pubDate>Fri, 08 Sep 2023 15:59:37 +0000</pubDate>
				<guid isPermaLink="false">https://https://github.com/AURORAz2k/Aurora.github.io.git/?post_type=product#038;p=140</guid>

					<description><![CDATA[1123]]></description>
										<content:encoded><![CDATA[<p>1123</p>
]]></content:encoded>
					
					<wfw:commentRss>https://https://github.com/AURORAz2k/Aurora.github.io.git/product/orient-sund6003w0-nam/feed/</wfw:commentRss>
			<slash:comments>0</slash:comments>
		
		
			</item>
		<item>
		<title>orient-sund6002w0-nam</title>
		<link>https://https://github.com/AURORAz2k/Aurora.github.io.git/product/orient-sund6002w0-nam/</link>
					<comments>https://https://github.com/AURORAz2k/Aurora.github.io.git/product/orient-sund6002w0-nam/#respond</comments>
		
		<dc:creator><![CDATA[hung1]]></dc:creator>
		<pubDate>Fri, 08 Sep 2023 15:59:07 +0000</pubDate>
				<guid isPermaLink="false">https://https://github.com/AURORAz2k/Aurora.github.io.git/?post_type=product#038;p=138</guid>

					<description><![CDATA[watch]]></description>
										<content:encoded><![CDATA[<p>watch</p>
]]></content:encoded>
					
					<wfw:commentRss>https://https://github.com/AURORAz2k/Aurora.github.io.git/product/orient-sund6002w0-nam/feed/</wfw:commentRss>
			<slash:comments>0</slash:comments>
		
		
			</item>
		<item>
		<title>orient-rf-qd0011l10b-nam-thumb</title>
		<link>https://https://github.com/AURORAz2k/Aurora.github.io.git/product/orient-rf-qd0011l10b-nam-thumb/</link>
					<comments>https://https://github.com/AURORAz2k/Aurora.github.io.git/product/orient-rf-qd0011l10b-nam-thumb/#respond</comments>
		
		<dc:creator><![CDATA[hung1]]></dc:creator>
		<pubDate>Fri, 08 Sep 2023 15:58:41 +0000</pubDate>
				<guid isPermaLink="false">https://https://github.com/AURORAz2k/Aurora.github.io.git/?post_type=product#038;p=136</guid>

					<description><![CDATA[watch]]></description>
										<content:encoded><![CDATA[<p>watch</p>
]]></content:encoded>
					
					<wfw:commentRss>https://https://github.com/AURORAz2k/Aurora.github.io.git/product/orient-rf-qd0011l10b-nam-thumb/feed/</wfw:commentRss>
			<slash:comments>0</slash:comments>
		
		
			</item>
	</channel>
</rss>
