<?xml version="1.0" encoding="UTF-8"?><rss version="2.0"
	xmlns:content="http://purl.org/rss/1.0/modules/content/"
	xmlns:wfw="http://wellformedweb.org/CommentAPI/"
	xmlns:dc="http://purl.org/dc/elements/1.1/"
	xmlns:atom="http://www.w3.org/2005/Atom"
	xmlns:sy="http://purl.org/rss/1.0/modules/syndication/"
	xmlns:slash="http://purl.org/rss/1.0/modules/slash/"
	>

<channel>
	<title>Tablet &#8211; aurorashop</title>
	<atom:link href="https://https://github.com/AURORAz2k/Aurora.github.io.git/product-category/table/feed/" rel="self" type="application/rss+xml" />
	<link>https://https://github.com/AURORAz2k/Aurora.github.io.git</link>
	<description></description>
	<lastBuildDate>Sat, 09 Sep 2023 01:59:09 +0000</lastBuildDate>
	<language>vi</language>
	<sy:updatePeriod>
	hourly	</sy:updatePeriod>
	<sy:updateFrequency>
	1	</sy:updateFrequency>
	<generator>https://wordpress.org/?v=6.3.1</generator>
	<item>
		<title>ipad-pro-m1-129</title>
		<link>https://https://github.com/AURORAz2k/Aurora.github.io.git/product/ipad-pro-m1-129/</link>
					<comments>https://https://github.com/AURORAz2k/Aurora.github.io.git/product/ipad-pro-m1-129/#respond</comments>
		
		<dc:creator><![CDATA[hung1]]></dc:creator>
		<pubDate>Sat, 09 Sep 2023 01:59:09 +0000</pubDate>
				<guid isPermaLink="false">https://https://github.com/AURORAz2k/Aurora.github.io.git/?post_type=product#038;p=172</guid>

					<description><![CDATA[wow]]></description>
										<content:encoded><![CDATA[<p>wow</p>
]]></content:encoded>
					
					<wfw:commentRss>https://https://github.com/AURORAz2k/Aurora.github.io.git/product/ipad-pro-m1-129/feed/</wfw:commentRss>
			<slash:comments>0</slash:comments>
		
		
			</item>
		<item>
		<title>lenovo-tab-m8-xanh</title>
		<link>https://https://github.com/AURORAz2k/Aurora.github.io.git/product/lenovo-tab-m8-xanh/</link>
					<comments>https://https://github.com/AURORAz2k/Aurora.github.io.git/product/lenovo-tab-m8-xanh/#respond</comments>
		
		<dc:creator><![CDATA[hung1]]></dc:creator>
		<pubDate>Sat, 09 Sep 2023 01:58:21 +0000</pubDate>
				<guid isPermaLink="false">https://https://github.com/AURORAz2k/Aurora.github.io.git/?post_type=product#038;p=171</guid>

					<description><![CDATA[wow]]></description>
										<content:encoded><![CDATA[<p>wow</p>
]]></content:encoded>
					
					<wfw:commentRss>https://https://github.com/AURORAz2k/Aurora.github.io.git/product/lenovo-tab-m8-xanh/feed/</wfw:commentRss>
			<slash:comments>0</slash:comments>
		
		
			</item>
		<item>
		<title>ipad-pro-m1-11-inch</title>
		<link>https://https://github.com/AURORAz2k/Aurora.github.io.git/product/ipad-pro-m1-11-inch/</link>
					<comments>https://https://github.com/AURORAz2k/Aurora.github.io.git/product/ipad-pro-m1-11-inch/#respond</comments>
		
		<dc:creator><![CDATA[hung1]]></dc:creator>
		<pubDate>Sat, 09 Sep 2023 01:57:47 +0000</pubDate>
				<guid isPermaLink="false">https://https://github.com/AURORAz2k/Aurora.github.io.git/?post_type=product#038;p=170</guid>

					<description><![CDATA[wow]]></description>
										<content:encoded><![CDATA[<p>wow</p>
]]></content:encoded>
					
					<wfw:commentRss>https://https://github.com/AURORAz2k/Aurora.github.io.git/product/ipad-pro-m1-11-inch/feed/</wfw:commentRss>
			<slash:comments>0</slash:comments>
		
		
			</item>
		<item>
		<title>samsung-galaxy-tab-a7</title>
		<link>https://https://github.com/AURORAz2k/Aurora.github.io.git/product/samsung-galaxy-tab-a7/</link>
					<comments>https://https://github.com/AURORAz2k/Aurora.github.io.git/product/samsung-galaxy-tab-a7/#respond</comments>
		
		<dc:creator><![CDATA[hung1]]></dc:creator>
		<pubDate>Sat, 09 Sep 2023 01:57:11 +0000</pubDate>
				<guid isPermaLink="false">https://https://github.com/AURORAz2k/Aurora.github.io.git/?post_type=product#038;p=169</guid>

					<description><![CDATA[wow]]></description>
										<content:encoded><![CDATA[<p>wow</p>
]]></content:encoded>
					
					<wfw:commentRss>https://https://github.com/AURORAz2k/Aurora.github.io.git/product/samsung-galaxy-tab-a7/feed/</wfw:commentRss>
			<slash:comments>0</slash:comments>
		
		
			</item>
		<item>
		<title>samsung-galaxy-tab-a8</title>
		<link>https://https://github.com/AURORAz2k/Aurora.github.io.git/product/samsung-galaxy-tab-a8/</link>
					<comments>https://https://github.com/AURORAz2k/Aurora.github.io.git/product/samsung-galaxy-tab-a8/#respond</comments>
		
		<dc:creator><![CDATA[hung1]]></dc:creator>
		<pubDate>Sat, 09 Sep 2023 01:56:22 +0000</pubDate>
				<guid isPermaLink="false">https://https://github.com/AURORAz2k/Aurora.github.io.git/?post_type=product#038;p=168</guid>

					<description><![CDATA[wow]]></description>
										<content:encoded><![CDATA[<p>wow</p>
]]></content:encoded>
					
					<wfw:commentRss>https://https://github.com/AURORAz2k/Aurora.github.io.git/product/samsung-galaxy-tab-a8/feed/</wfw:commentRss>
			<slash:comments>0</slash:comments>
		
		
			</item>
		<item>
		<title>samsung-galaxy-tab-s7</title>
		<link>https://https://github.com/AURORAz2k/Aurora.github.io.git/product/samsung-galaxy-tab-s7-2/</link>
					<comments>https://https://github.com/AURORAz2k/Aurora.github.io.git/product/samsung-galaxy-tab-s7-2/#respond</comments>
		
		<dc:creator><![CDATA[hung1]]></dc:creator>
		<pubDate>Sat, 09 Sep 2023 01:55:30 +0000</pubDate>
				<guid isPermaLink="false">https://https://github.com/AURORAz2k/Aurora.github.io.git/?post_type=product#038;p=167</guid>

					<description><![CDATA[wow]]></description>
										<content:encoded><![CDATA[<p>wow</p>
]]></content:encoded>
					
					<wfw:commentRss>https://https://github.com/AURORAz2k/Aurora.github.io.git/product/samsung-galaxy-tab-s7-2/feed/</wfw:commentRss>
			<slash:comments>0</slash:comments>
		
		
			</item>
		<item>
		<title>tab_m8_gen4</title>
		<link>https://https://github.com/AURORAz2k/Aurora.github.io.git/product/tab_m8_gen4/</link>
					<comments>https://https://github.com/AURORAz2k/Aurora.github.io.git/product/tab_m8_gen4/#respond</comments>
		
		<dc:creator><![CDATA[hung1]]></dc:creator>
		<pubDate>Sat, 09 Sep 2023 01:54:41 +0000</pubDate>
				<guid isPermaLink="false">https://https://github.com/AURORAz2k/Aurora.github.io.git/?post_type=product#038;p=166</guid>

					<description><![CDATA[wow]]></description>
										<content:encoded><![CDATA[<p>wow</p>
]]></content:encoded>
					
					<wfw:commentRss>https://https://github.com/AURORAz2k/Aurora.github.io.git/product/tab_m8_gen4/feed/</wfw:commentRss>
			<slash:comments>0</slash:comments>
		
		
			</item>
		<item>
		<title>ipad-pro-m2-11-wifi-xam-thumb</title>
		<link>https://https://github.com/AURORAz2k/Aurora.github.io.git/product/ipad-pro-m2-11-wifi-xam-thumb/</link>
					<comments>https://https://github.com/AURORAz2k/Aurora.github.io.git/product/ipad-pro-m2-11-wifi-xam-thumb/#respond</comments>
		
		<dc:creator><![CDATA[hung1]]></dc:creator>
		<pubDate>Fri, 08 Sep 2023 16:01:23 +0000</pubDate>
				<guid isPermaLink="false">https://https://github.com/AURORAz2k/Aurora.github.io.git/?post_type=product#038;p=142</guid>

					<description><![CDATA[ipad]]></description>
										<content:encoded><![CDATA[<p>ipad</p>
]]></content:encoded>
					
					<wfw:commentRss>https://https://github.com/AURORAz2k/Aurora.github.io.git/product/ipad-pro-m2-11-wifi-xam-thumb/feed/</wfw:commentRss>
			<slash:comments>0</slash:comments>
		
		
			</item>
		<item>
		<title>ipad</title>
		<link>https://https://github.com/AURORAz2k/Aurora.github.io.git/product/ipad/</link>
					<comments>https://https://github.com/AURORAz2k/Aurora.github.io.git/product/ipad/#respond</comments>
		
		<dc:creator><![CDATA[hung1]]></dc:creator>
		<pubDate>Fri, 08 Sep 2023 15:50:07 +0000</pubDate>
				<guid isPermaLink="false">https://https://github.com/AURORAz2k/Aurora.github.io.git/?post_type=product#038;p=113</guid>

					<description><![CDATA[ipad]]></description>
										<content:encoded><![CDATA[<p>ipad</p>
]]></content:encoded>
					
					<wfw:commentRss>https://https://github.com/AURORAz2k/Aurora.github.io.git/product/ipad/feed/</wfw:commentRss>
			<slash:comments>0</slash:comments>
		
		
			</item>
		<item>
		<title>samsung-galaxy-tab-s7</title>
		<link>https://https://github.com/AURORAz2k/Aurora.github.io.git/product/samsung-galaxy-tab-s7/</link>
					<comments>https://https://github.com/AURORAz2k/Aurora.github.io.git/product/samsung-galaxy-tab-s7/#respond</comments>
		
		<dc:creator><![CDATA[hung1]]></dc:creator>
		<pubDate>Fri, 08 Sep 2023 15:49:36 +0000</pubDate>
				<guid isPermaLink="false">https://https://github.com/AURORAz2k/Aurora.github.io.git/?post_type=product#038;p=111</guid>

					<description><![CDATA[ipad]]></description>
										<content:encoded><![CDATA[<p>ipad</p>
]]></content:encoded>
					
					<wfw:commentRss>https://https://github.com/AURORAz2k/Aurora.github.io.git/product/samsung-galaxy-tab-s7/feed/</wfw:commentRss>
			<slash:comments>0</slash:comments>
		
		
			</item>
	</channel>
</rss>
