<?xml version="1.0" encoding="UTF-8"?><rss version="2.0"
	xmlns:content="http://purl.org/rss/1.0/modules/content/"
	xmlns:wfw="http://wellformedweb.org/CommentAPI/"
	xmlns:dc="http://purl.org/dc/elements/1.1/"
	xmlns:atom="http://www.w3.org/2005/Atom"
	xmlns:sy="http://purl.org/rss/1.0/modules/syndication/"
	xmlns:slash="http://purl.org/rss/1.0/modules/slash/"
	>

<channel>
	<title>Điện thoại &#8211; aurorashop</title>
	<atom:link href="https://https://github.com/AURORAz2k/Aurora.github.io.git/product-category/dien-thoai/feed/" rel="self" type="application/rss+xml" />
	<link>https://https://github.com/AURORAz2k/Aurora.github.io.git</link>
	<description></description>
	<lastBuildDate>Sat, 09 Sep 2023 02:02:23 +0000</lastBuildDate>
	<language>vi</language>
	<sy:updatePeriod>
	hourly	</sy:updatePeriod>
	<sy:updateFrequency>
	1	</sy:updateFrequency>
	<generator>https://wordpress.org/?v=6.3.1</generator>
	<item>
		<title>samsung-galaxy-s23</title>
		<link>https://https://github.com/AURORAz2k/Aurora.github.io.git/product/samsung-galaxy-s23-2/</link>
					<comments>https://https://github.com/AURORAz2k/Aurora.github.io.git/product/samsung-galaxy-s23-2/#respond</comments>
		
		<dc:creator><![CDATA[hung1]]></dc:creator>
		<pubDate>Sat, 09 Sep 2023 02:02:22 +0000</pubDate>
				<guid isPermaLink="false">https://https://github.com/AURORAz2k/Aurora.github.io.git/?post_type=product#038;p=175</guid>

					<description><![CDATA[wow]]></description>
										<content:encoded><![CDATA[<p>wow</p>
]]></content:encoded>
					
					<wfw:commentRss>https://https://github.com/AURORAz2k/Aurora.github.io.git/product/samsung-galaxy-s23-2/feed/</wfw:commentRss>
			<slash:comments>0</slash:comments>
		
		
			</item>
		<item>
		<title>iphone-14-pro-vang</title>
		<link>https://https://github.com/AURORAz2k/Aurora.github.io.git/product/iphone-14-pro-vang-2/</link>
					<comments>https://https://github.com/AURORAz2k/Aurora.github.io.git/product/iphone-14-pro-vang-2/#respond</comments>
		
		<dc:creator><![CDATA[hung1]]></dc:creator>
		<pubDate>Sat, 09 Sep 2023 02:01:40 +0000</pubDate>
				<guid isPermaLink="false">https://https://github.com/AURORAz2k/Aurora.github.io.git/?post_type=product#038;p=174</guid>

					<description><![CDATA[wow]]></description>
										<content:encoded><![CDATA[<p>wow</p>
]]></content:encoded>
					
					<wfw:commentRss>https://https://github.com/AURORAz2k/Aurora.github.io.git/product/iphone-14-pro-vang-2/feed/</wfw:commentRss>
			<slash:comments>0</slash:comments>
		
		
			</item>
		<item>
		<title>iphone-14-pro-max-tim</title>
		<link>https://https://github.com/AURORAz2k/Aurora.github.io.git/product/iphone-14-pro-max-tim/</link>
					<comments>https://https://github.com/AURORAz2k/Aurora.github.io.git/product/iphone-14-pro-max-tim/#respond</comments>
		
		<dc:creator><![CDATA[hung1]]></dc:creator>
		<pubDate>Sat, 09 Sep 2023 02:00:27 +0000</pubDate>
				<guid isPermaLink="false">https://https://github.com/AURORAz2k/Aurora.github.io.git/?post_type=product#038;p=173</guid>

					<description><![CDATA[wow]]></description>
										<content:encoded><![CDATA[<p>wow</p>
]]></content:encoded>
					
					<wfw:commentRss>https://https://github.com/AURORAz2k/Aurora.github.io.git/product/iphone-14-pro-max-tim/feed/</wfw:commentRss>
			<slash:comments>0</slash:comments>
		
		
			</item>
		<item>
		<title>xiaomi-redmi-12-bac</title>
		<link>https://https://github.com/AURORAz2k/Aurora.github.io.git/product/xiaomi-redmi-12-bac/</link>
					<comments>https://https://github.com/AURORAz2k/Aurora.github.io.git/product/xiaomi-redmi-12-bac/#respond</comments>
		
		<dc:creator><![CDATA[hung1]]></dc:creator>
		<pubDate>Fri, 08 Sep 2023 15:17:00 +0000</pubDate>
				<guid isPermaLink="false">https://https://github.com/AURORAz2k/Aurora.github.io.git/?post_type=product#038;p=68</guid>

					<description><![CDATA[xào mì ngon bổ rẻ]]></description>
										<content:encoded><![CDATA[<p>xào mì ngon bổ rẻ</p>
]]></content:encoded>
					
					<wfw:commentRss>https://https://github.com/AURORAz2k/Aurora.github.io.git/product/xiaomi-redmi-12-bac/feed/</wfw:commentRss>
			<slash:comments>0</slash:comments>
		
		
			</item>
		<item>
		<title>vivo-y16</title>
		<link>https://https://github.com/AURORAz2k/Aurora.github.io.git/product/vivo-y16/</link>
					<comments>https://https://github.com/AURORAz2k/Aurora.github.io.git/product/vivo-y16/#respond</comments>
		
		<dc:creator><![CDATA[hung1]]></dc:creator>
		<pubDate>Fri, 08 Sep 2023 15:15:25 +0000</pubDate>
				<guid isPermaLink="false">https://https://github.com/AURORAz2k/Aurora.github.io.git/?post_type=product#038;p=66</guid>

					<description><![CDATA[vvvvvvv]]></description>
										<content:encoded><![CDATA[<p>vvvvvvv</p>
]]></content:encoded>
					
					<wfw:commentRss>https://https://github.com/AURORAz2k/Aurora.github.io.git/product/vivo-y16/feed/</wfw:commentRss>
			<slash:comments>0</slash:comments>
		
		
			</item>
		<item>
		<title>vivo-y02t</title>
		<link>https://https://github.com/AURORAz2k/Aurora.github.io.git/product/vivo-y02t/</link>
					<comments>https://https://github.com/AURORAz2k/Aurora.github.io.git/product/vivo-y02t/#respond</comments>
		
		<dc:creator><![CDATA[hung1]]></dc:creator>
		<pubDate>Fri, 08 Sep 2023 15:14:22 +0000</pubDate>
				<guid isPermaLink="false">https://https://github.com/AURORAz2k/Aurora.github.io.git/?post_type=product#038;p=63</guid>

					<description><![CDATA[vivo]]></description>
										<content:encoded><![CDATA[<p>vivo</p>
]]></content:encoded>
					
					<wfw:commentRss>https://https://github.com/AURORAz2k/Aurora.github.io.git/product/vivo-y02t/feed/</wfw:commentRss>
			<slash:comments>0</slash:comments>
		
		
			</item>
		<item>
		<title>samsung-galaxy-z-fold5</title>
		<link>https://https://github.com/AURORAz2k/Aurora.github.io.git/product/samsung-galaxy-z-fold5/</link>
					<comments>https://https://github.com/AURORAz2k/Aurora.github.io.git/product/samsung-galaxy-z-fold5/#respond</comments>
		
		<dc:creator><![CDATA[hung1]]></dc:creator>
		<pubDate>Fri, 08 Sep 2023 15:12:59 +0000</pubDate>
				<guid isPermaLink="false">https://https://github.com/AURORAz2k/Aurora.github.io.git/?post_type=product#038;p=61</guid>

					<description><![CDATA[samsung mãi đỉnh]]></description>
										<content:encoded><![CDATA[<p>samsung mãi đỉnh</p>
]]></content:encoded>
					
					<wfw:commentRss>https://https://github.com/AURORAz2k/Aurora.github.io.git/product/samsung-galaxy-z-fold5/feed/</wfw:commentRss>
			<slash:comments>0</slash:comments>
		
		
			</item>
		<item>
		<title>samsung galaxy s23</title>
		<link>https://https://github.com/AURORAz2k/Aurora.github.io.git/product/samsung-galaxy-s23/</link>
					<comments>https://https://github.com/AURORAz2k/Aurora.github.io.git/product/samsung-galaxy-s23/#respond</comments>
		
		<dc:creator><![CDATA[hung1]]></dc:creator>
		<pubDate>Fri, 08 Sep 2023 15:12:01 +0000</pubDate>
				<guid isPermaLink="false">https://https://github.com/AURORAz2k/Aurora.github.io.git/?post_type=product#038;p=59</guid>

					<description><![CDATA[samsung mãi đỉnh]]></description>
										<content:encoded><![CDATA[<p>samsung mãi đỉnh</p>
]]></content:encoded>
					
					<wfw:commentRss>https://https://github.com/AURORAz2k/Aurora.github.io.git/product/samsung-galaxy-s23/feed/</wfw:commentRss>
			<slash:comments>0</slash:comments>
		
		
			</item>
		<item>
		<title>Samsung galaxy s21</title>
		<link>https://https://github.com/AURORAz2k/Aurora.github.io.git/product/samsung-galaxy-s21/</link>
					<comments>https://https://github.com/AURORAz2k/Aurora.github.io.git/product/samsung-galaxy-s21/#respond</comments>
		
		<dc:creator><![CDATA[hung1]]></dc:creator>
		<pubDate>Fri, 08 Sep 2023 15:10:35 +0000</pubDate>
				<guid isPermaLink="false">https://https://github.com/AURORAz2k/Aurora.github.io.git/?post_type=product#038;p=57</guid>

					<description><![CDATA[sam sung mãi đỉnh]]></description>
										<content:encoded><![CDATA[<p>sam sung mãi đỉnh</p>
]]></content:encoded>
					
					<wfw:commentRss>https://https://github.com/AURORAz2k/Aurora.github.io.git/product/samsung-galaxy-s21/feed/</wfw:commentRss>
			<slash:comments>0</slash:comments>
		
		
			</item>
		<item>
		<title>samsung galaxy a34</title>
		<link>https://https://github.com/AURORAz2k/Aurora.github.io.git/product/samsung-galaxy-a34/</link>
					<comments>https://https://github.com/AURORAz2k/Aurora.github.io.git/product/samsung-galaxy-a34/#respond</comments>
		
		<dc:creator><![CDATA[hung1]]></dc:creator>
		<pubDate>Fri, 08 Sep 2023 15:08:26 +0000</pubDate>
				<guid isPermaLink="false">https://https://github.com/AURORAz2k/Aurora.github.io.git/?post_type=product#038;p=55</guid>

					<description><![CDATA[samsung mãi đỉnh]]></description>
										<content:encoded><![CDATA[<p>samsung mãi đỉnh</p>
]]></content:encoded>
					
					<wfw:commentRss>https://https://github.com/AURORAz2k/Aurora.github.io.git/product/samsung-galaxy-a34/feed/</wfw:commentRss>
			<slash:comments>0</slash:comments>
		
		
			</item>
	</channel>
</rss>
