<?xml version="1.0" encoding="UTF-8"?><rss version="2.0"
	xmlns:content="http://purl.org/rss/1.0/modules/content/"
	xmlns:wfw="http://wellformedweb.org/CommentAPI/"
	xmlns:dc="http://purl.org/dc/elements/1.1/"
	xmlns:atom="http://www.w3.org/2005/Atom"
	xmlns:sy="http://purl.org/rss/1.0/modules/syndication/"
	xmlns:slash="http://purl.org/rss/1.0/modules/slash/"
	>

<channel>
	<title>Uncategorized &#8211; aurorashop</title>
	<atom:link href="https://https://github.com/AURORAz2k/Aurora.github.io.git/category/uncategorized/feed/" rel="self" type="application/rss+xml" />
	<link>https://https://github.com/AURORAz2k/Aurora.github.io.git</link>
	<description></description>
	<lastBuildDate>Fri, 08 Sep 2023 10:13:42 +0000</lastBuildDate>
	<language>vi</language>
	<sy:updatePeriod>
	hourly	</sy:updatePeriod>
	<sy:updateFrequency>
	1	</sy:updateFrequency>
	<generator>https://wordpress.org/?v=6.3.1</generator>
	<item>
		<title>Hello world!</title>
		<link>https://https://github.com/AURORAz2k/Aurora.github.io.git/2023/09/08/hello-world/</link>
					<comments>https://https://github.com/AURORAz2k/Aurora.github.io.git/2023/09/08/hello-world/#comments</comments>
		
		<dc:creator><![CDATA[hung1]]></dc:creator>
		<pubDate>Fri, 08 Sep 2023 10:13:42 +0000</pubDate>
				<category><![CDATA[Uncategorized]]></category>
		<guid isPermaLink="false">https://https://github.com/AURORAz2k/Aurora.github.io.git/?p=1</guid>

					<description><![CDATA[Welcome to WordPress. This is your first post. Edit or delete it, then start writing!]]></description>
										<content:encoded><![CDATA[
<p>Welcome to WordPress. This is your first post. Edit or delete it, then start writing!</p>
]]></content:encoded>
					
					<wfw:commentRss>https://https://github.com/AURORAz2k/Aurora.github.io.git/2023/09/08/hello-world/feed/</wfw:commentRss>
			<slash:comments>1</slash:comments>
		
		
			</item>
	</channel>
</rss>
